<?xml version="1.0"?>
<!DOCTYPE hibernate-mapping PUBLIC
        "-//Hibernate/Hibernate Mapping DTD//EN"
        "http://www.hibernate.org/dtd/hibernate-mapping-3.0.dtd">
<hibernate-mapping package="domain">
    <class name="Book" table="BOOKS">
        <id name="id" column="id"> <generator class="increment"/> </id>
        <property name="title" column="title"/>
        <property name="author" column="author"/>
        <property name="publishing_house" column="publishing_house"/>
        <property name="year_of_publication" column="year_of_publication"/>
    </class>
</hibernate-mapping>